cohort,seed,mode,mode_key,students_total,students_served,students_unserved,served_rate_pct,routes_created,total_route_time_min,total_route_dist_km,avg_walk_dist_m,max_walk_dist_m,alns_runtime_seconds,executed_iterations,matrix_precompute_total_s,mode_wall_time_seconds
100,1337,Mode A,strictly_constrained,100,98,2,98.0,6.0,255.74,108.17,,,54.83,342.0,,
100,1337,Mode B,weakly_constrained,100,97,3,97.0,6.0,246.84,115.39,86.9,460.1,60.28,294.0,,
100,1337,Mode C,door_to_door,100,96,4,96.0,6.0,261.47,113.54,18.7,276.5,21.64,327.0,,
100,2000,Mode A,strictly_constrained,100,99,1,99.0,6.0,253.76,115.99,,,39.76,231.0,,
100,2000,Mode B,weakly_constrained,100,98,2,98.0,5.0,196.73,84.52,,,41.22,196.0,,
100,2000,Mode C,door_to_door,100,98,2,98.0,6.0,268.34,116.74,21.9,304.3,19.65,307.0,,
100,42,Mode A,strictly_constrained,100,100,0,100.0,6.0,239.97,106.56,87.7,1901.5,23.38,165.0,,
100,42,Mode B,weakly_constrained,100,97,3,97.0,5.0,217.42,97.73,110.1,1553.1,59.85,200.0,,
100,42,Mode C,door_to_door,100,95,5,95.0,6.0,262.46,116.98,28.2,319.3,15.71,253.0,,
100,456,Mode A,strictly_constrained,100,95,5,95.0,6.0,250.11,106.27,,,42.21,273.0,,
100,456,Mode B,weakly_constrained,100,98,2,98.0,5.0,213.95,92.33,127.3,1756.7,55.99,211.0,,
100,456,Mode C,door_to_door,100,95,5,95.0,6.0,257.73,104.18,14.9,329.2,26.74,319.0,,
100,67,Mode A,strictly_constrained,100,100,0,100.0,6.0,253.37,109.57,50.2,461.7,45.02,286.0,,
100,67,Mode B,weakly_constrained,100,100,0,100.0,5.0,207.26,92.43,,,44.98,228.0,,
100,67,Mode C,door_to_door,100,95,5,95.0,6.0,249.81,104.93,17.4,312.4,13.05,197.0,,
200,1337,Mode A,strictly_constrained,200,195,5,97.5,10.0,429.45,184.38,,,60.0,115.0,,
200,1337,Mode B,weakly_constrained,200,193,7,96.5,10.0,381.95,165.92,107.0,1407.3,60.0,66.0,,
200,1337,Mode C,door_to_door,200,199,1,99.5,11.0,472.25,189.73,19.1,279.2,39.0,215.0,,
200,2000,Mode A,strictly_constrained,200,198,2,99.0,11.0,454.12,197.53,,,39.0,55.0,,
200,2000,Mode B,weakly_constrained,200,194,6,97.0,10.0,387.8,172.48,,,60.0,112.0,,
200,2000,Mode C,door_to_door,200,199,1,99.5,11.0,491.91,213.2,18.5,312.4,39.0,178.0,,
200,42,Mode A,strictly_constrained,200,200,0,100.0,11.0,440.96,185.41,,,39.0,109.0,,
200,42,Mode B,weakly_constrained,200,195,5,97.5,10.0,384.11,161.92,,,60.0,88.0,,
200,42,Mode C,door_to_door,200,198,2,99.0,11.0,492.29,211.99,26.7,319.3,39.0,209.0,,
200,456,Mode A,strictly_constrained,200,197,3,98.5,10.0,447.34,186.74,,,112.46,235.0,,
200,456,Mode B,weakly_constrained,200,190,10,95.0,9.0,359.29,150.69,,,154.06,207.0,,
200,456,Mode C,door_to_door,200,199,1,99.5,11.0,472.49,195.22,19.4,329.2,51.89,342.0,,
200,67,Mode A,strictly_constrained,200,198,2,99.0,11.0,427.77,175.32,68.9,1433.0,39.0,101.0,,
200,67,Mode B,weakly_constrained,200,200,0,100.0,10.0,380.54,163.74,,,49.68,102.0,,
200,67,Mode C,door_to_door,200,200,0,100.0,11.0,465.08,189.74,14.9,312.4,39.0,246.0,,
400,1337,Mode A,strictly_constrained,400,394,6,98.5,19.0,805.65,332.88,,,60.01,29.0,,
400,1337,Mode B,weakly_constrained,400,380,20,95.0,19.0,789.65,374.02,,,60.0,23.0,,
400,1337,Mode C,door_to_door,400,399,1,99.75,20.0,865.75,366.3,23.6,329.2,51.0,107.0,,
400,2000,Mode A,strictly_constrained,400,396,4,99.0,19.0,834.81,348.81,,,60.0,34.0,,
400,2000,Mode B,weakly_constrained,400,378,22,94.5,19.0,740.48,334.94,,,60.01,17.0,,
400,2000,Mode C,door_to_door,400,400,0,100.0,20.0,880.78,368.77,19.8,312.4,51.0,151.0,,
400,42,Mode A,strictly_constrained,400,395,5,98.75,19.0,794.34,331.59,,,60.0,31.0,,
400,42,Mode B,weakly_constrained,400,389,11,97.25,18.0,713.27,313.51,,,60.01,15.0,,
400,42,Mode C,door_to_door,400,399,1,99.75,19.0,863.46,365.35,21.0,319.3,60.0,127.0,,
400,456,Mode A,strictly_constrained,400,397,3,99.25,19.0,760.89,309.77,,,255.32,270.0,,
400,456,Mode B,weakly_constrained,400,382,18,95.5,18.0,621.03,259.91,160.2,1419.2,318.99,147.0,,
400,456,Mode C,door_to_door,400,399,1,99.75,19.0,829.91,335.93,21.2,335.2,110.17,295.0,,
400,67,Mode A,strictly_constrained,400,396,4,99.0,20.0,825.61,352.31,,,51.0,51.0,,
400,67,Mode B,weakly_constrained,400,386,14,96.5,19.0,691.66,296.68,,,60.01,19.0,,
400,67,Mode C,door_to_door,400,400,0,100.0,20.0,889.12,368.18,19.0,333.6,51.0,103.0,,
600,100_old_ithink,Mode A,strictly_constrained,600,591,9,98.5,28.0,1106.54,452.0,,,500.01,229.0,,
600,100_old_ithink,Mode B,weakly_constrained,600,570,30,95.0,26.0,998.54,429.69,,,500.01,159.0,,
600,100_old_ithink,Mode C,door_to_door,600,599,1,99.83333333333333,28.0,1061.61,402.62,17.0,312.4,221.37,346.0,,
600,42,Mode A,strictly_constrained,600,576,24,96.0,28.0,1201.25,503.87,,,60.01,9.0,,
600,42,Mode B,weakly_constrained,600,568,32,94.66666666666667,28.0,1198.34,544.8,,,60.01,7.0,,
600,42,Mode C,door_to_door,600,598,2,99.66666666666667,28.0,1173.99,469.15,20.9,329.2,60.01,67.0,,
600,456,Mode A,strictly_constrained,600,598,2,99.66666666666667,28.0,1099.76,432.25,,,211.65,231.0,,
600,456,Mode B,weakly_constrained,600,587,13,97.83333333333333,27.0,996.14,419.32,,,339.22,212.0,,
600,456,Mode C,door_to_door,600,599,1,99.83333333333333,28.0,1046.2,390.9,21.3,346.8,228.18,358.0,,
