cohort,seed,mode,iteration,objective_value,best_objective,students_served,temperature
100,1337,Mode A,10.0,819753.67,819753.67,85.0,817.072807
100,1337,Mode A,20.0,849755.19,849755.19,88.0,667.607972
100,1337,Mode A,30.0,869754.18,869754.18,90.0,545.484319
100,1337,Mode A,40.0,889764.98,889764.98,92.0,445.700404
100,1337,Mode A,50.0,889764.98,889764.98,92.0,364.16968
100,1337,Mode A,60.0,909754.75,909754.75,94.0,297.553143
100,1337,Mode A,70.0,909754.75,909754.75,94.0,243.122581
100,1337,Mode A,80.0,909754.75,909754.75,94.0,198.64885
100,1337,Mode A,90.0,909754.75,909754.75,94.0,162.310574
100,1337,Mode A,100.0,919748.46,919748.46,95.0,132.619556
100,1337,Mode A,110.0,919748.46,919748.46,95.0,108.359833
100,1337,Mode A,120.0,919748.46,919748.46,95.0,88.537873
100,1337,Mode A,130.0,919748.46,919748.46,95.0,72.341888
100,1337,Mode A,140.0,919748.46,919748.46,95.0,59.10859
100,1337,Mode A,150.0,919748.46,919748.46,95.0,48.296021
100,1337,Mode A,160.0,919748.46,919748.46,95.0,39.461366
100,1337,Mode A,170.0,929752.53,929752.53,96.0,32.242809
100,1337,Mode A,180.0,929752.53,929752.53,96.0,26.344722
100,1337,Mode A,190.0,929762.74,929762.74,96.0,21.525556
100,1337,Mode A,200.0,939755.36,939755.36,97.0,17.587947
100,1337,Mode A,210.0,939755.36,939755.36,97.0,14.370633
100,1337,Mode A,220.0,939755.36,939755.36,97.0,11.741853
100,1337,Mode A,230.0,939755.36,939755.36,97.0,9.593949
100,1337,Mode A,240.0,939755.36,939755.36,97.0,7.838955
100,1337,Mode A,250.0,939755.36,939755.36,97.0,6.404997
100,1337,Mode A,260.0,939755.36,939755.36,97.0,5.233349
100,1337,Mode A,270.0,939766.03,939766.03,97.0,4.276027
100,1337,Mode A,280.0,939766.03,939766.03,97.0,3.493825
100,1337,Mode A,290.0,939766.03,939766.03,97.0,2.85471
100,1337,Mode A,300.0,939766.03,939766.03,97.0,2.332506
100,1337,Mode A,310.0,949759.32,949759.32,98.0,1.905827
100,1337,Mode A,320.0,949759.32,949759.32,98.0,1.557199
100,1337,Mode A,330.0,949759.32,949759.32,98.0,1.272345
100,1337,Mode A,340.0,949759.32,949759.32,98.0,1.039599
100,1337,Mode B,10.0,749779.94,749779.94,78.0,817.072807
100,1337,Mode B,20.0,839795.47,839795.47,87.0,667.607972
100,1337,Mode B,30.0,909777.55,909777.55,94.0,545.484319
100,1337,Mode B,40.0,909802.62,909802.62,94.0,445.700404
100,1337,Mode B,50.0,919801.59,919801.59,95.0,364.16968
100,1337,Mode B,60.0,919801.59,919801.59,95.0,297.553143
100,1337,Mode B,70.0,919801.59,919801.59,95.0,243.122581
100,1337,Mode B,80.0,929789.03,929789.03,96.0,198.64885
100,1337,Mode B,90.0,929789.03,929789.03,96.0,162.310574
100,1337,Mode B,100.0,929789.03,929789.03,96.0,132.619556
100,1337,Mode B,110.0,929789.03,929789.03,96.0,108.359833
100,1337,Mode B,120.0,929789.03,929789.03,96.0,88.537873
100,1337,Mode B,130.0,929789.03,929789.03,96.0,72.341888
100,1337,Mode B,140.0,929789.03,929789.03,96.0,59.10859
100,1337,Mode B,150.0,939785.13,939785.13,97.0,48.296021
100,1337,Mode B,160.0,939785.13,939785.13,97.0,39.461366
100,1337,Mode B,170.0,939785.13,939785.13,97.0,32.242809
100,1337,Mode B,180.0,939785.13,939785.13,97.0,26.344722
100,1337,Mode B,190.0,939785.13,939785.13,97.0,21.525556
100,1337,Mode B,200.0,939795.14,939795.14,97.0,17.587947
100,1337,Mode B,210.0,939795.14,939795.14,97.0,14.370633
100,1337,Mode B,220.0,939795.14,939795.14,97.0,11.741853
100,1337,Mode B,230.0,939795.14,939795.14,97.0,9.593949
100,1337,Mode B,240.0,939795.14,939795.14,97.0,7.838955
100,1337,Mode B,250.0,939795.14,939795.14,97.0,6.404997
100,1337,Mode B,260.0,939795.14,939795.14,97.0,5.233349
100,1337,Mode B,270.0,939795.14,939795.14,97.0,4.276027
100,1337,Mode B,280.0,939795.14,939795.14,97.0,3.493825
100,1337,Mode B,290.0,939795.14,939795.14,97.0,2.85471
100,1337,Mode C,10.0,819748.18,819748.18,85.0,817.072807
100,1337,Mode C,20.0,859716.71,859716.71,89.0,667.607972
100,1337,Mode C,30.0,869716.62,869716.62,90.0,545.484319
100,1337,Mode C,40.0,889711.76,889711.76,92.0,445.700404
100,1337,Mode C,50.0,889711.76,889711.76,92.0,364.16968
100,1337,Mode C,60.0,899710.95,899710.95,93.0,297.553143
100,1337,Mode C,70.0,909713.18,909713.18,94.0,243.122581
100,1337,Mode C,80.0,909713.18,909713.18,94.0,198.64885
100,1337,Mode C,90.0,909713.18,909713.18,94.0,162.310574
100,1337,Mode C,100.0,909713.18,909713.18,94.0,132.619556
100,1337,Mode C,110.0,909713.18,909713.18,94.0,108.359833
100,1337,Mode C,120.0,909713.18,909713.18,94.0,88.537873
100,1337,Mode C,130.0,909713.18,909713.18,94.0,72.341888
100,1337,Mode C,140.0,909713.18,909713.18,94.0,59.10859
100,1337,Mode C,150.0,909713.18,909713.18,94.0,48.296021
100,1337,Mode C,160.0,919717.3,919717.3,95.0,39.461366
100,1337,Mode C,170.0,919717.3,919717.3,95.0,32.242809
100,1337,Mode C,180.0,919717.3,919717.3,95.0,26.344722
100,1337,Mode C,190.0,919717.3,919717.3,95.0,21.525556
100,1337,Mode C,200.0,919717.3,919717.3,95.0,17.587947
100,1337,Mode C,210.0,919717.3,919717.3,95.0,14.370633
100,1337,Mode C,220.0,919717.3,919717.3,95.0,11.741853
100,1337,Mode C,230.0,929713.6,929713.6,96.0,9.593949
100,1337,Mode C,240.0,929713.6,929713.6,96.0,7.838955
100,1337,Mode C,250.0,929713.6,929713.6,96.0,6.404997
100,1337,Mode C,260.0,929713.6,929713.6,96.0,5.233349
100,1337,Mode C,270.0,929713.6,929713.6,96.0,4.276027
100,1337,Mode C,280.0,929713.6,929713.6,96.0,3.493825
100,1337,Mode C,290.0,929713.6,929713.6,96.0,2.85471
100,1337,Mode C,300.0,929713.6,929713.6,96.0,2.332506
100,1337,Mode C,310.0,929713.6,929713.6,96.0,1.905827
100,1337,Mode C,320.0,929713.6,929713.6,96.0,1.557199
100,2000,Mode A,10.0,779759.2,779759.2,81.0,817.072807
100,2000,Mode A,20.0,839767.1,839767.1,87.0,667.607972
100,2000,Mode A,30.0,899762.46,899762.46,93.0,545.484319
100,2000,Mode A,40.0,929748.1,929748.1,96.0,445.700404
100,2000,Mode A,50.0,939748.26,939748.26,97.0,364.16968
100,2000,Mode A,60.0,939748.26,939748.26,97.0,297.553143
100,2000,Mode A,70.0,939748.26,939748.26,97.0,243.122581
100,2000,Mode A,80.0,949741.85,949741.85,98.0,198.64885
100,2000,Mode A,90.0,949741.85,949741.85,98.0,162.310574
100,2000,Mode A,100.0,949741.85,949741.85,98.0,132.619556
100,2000,Mode A,110.0,949741.85,949741.85,98.0,108.359833
100,2000,Mode A,120.0,949741.85,949741.85,98.0,88.537873
100,2000,Mode A,130.0,949741.85,949741.85,98.0,72.341888
100,2000,Mode A,140.0,959742.22,959742.22,99.0,59.10859
100,2000,Mode A,150.0,959742.22,959742.22,99.0,48.296021
100,2000,Mode A,160.0,959742.22,959742.22,99.0,39.461366
100,2000,Mode A,170.0,959742.22,959742.22,99.0,32.242809
100,2000,Mode A,180.0,959742.22,959742.22,99.0,26.344722
100,2000,Mode A,190.0,959742.22,959742.22,99.0,21.525556
100,2000,Mode A,200.0,959742.22,959742.22,99.0,17.587947
100,2000,Mode A,210.0,959742.22,959742.22,99.0,14.370633
100,2000,Mode A,220.0,959742.22,959742.22,99.0,11.741853
100,2000,Mode A,230.0,959742.22,959742.22,99.0,9.593949
100,2000,Mode B,10.0,844829.6,844829.6,87.0,817.072807
100,2000,Mode B,20.0,854829.78,854829.78,88.0,667.607972
100,2000,Mode B,30.0,924835.88,924835.88,95.0,545.484319
100,2000,Mode B,40.0,924835.88,924835.88,95.0,445.700404
100,2000,Mode B,50.0,944828.49,944828.49,97.0,364.16968
100,2000,Mode B,60.0,954829.45,954829.45,98.0,297.553143
100,2000,Mode B,70.0,954829.45,954829.45,98.0,243.122581
100,2000,Mode B,80.0,954829.45,954829.45,98.0,198.64885
100,2000,Mode B,90.0,954829.45,954829.45,98.0,162.310574
100,2000,Mode B,100.0,954843.99,954843.99,98.0,132.619556
100,2000,Mode B,110.0,954843.99,954843.99,98.0,108.359833
100,2000,Mode B,120.0,954843.99,954843.99,98.0,88.537873
100,2000,Mode B,130.0,954843.99,954843.99,98.0,72.341888
100,2000,Mode B,140.0,954843.99,954843.99,98.0,59.10859
100,2000,Mode B,150.0,954843.99,954843.99,98.0,48.296021
100,2000,Mode B,160.0,954843.99,954843.99,98.0,39.461366
100,2000,Mode B,170.0,954843.99,954843.99,98.0,32.242809
100,2000,Mode B,180.0,954843.99,954843.99,98.0,26.344722
100,2000,Mode B,190.0,954843.99,954843.99,98.0,21.525556
100,2000,Mode C,10.0,719708.68,719708.68,75.0,817.072807
100,2000,Mode C,20.0,729728.67,729728.67,76.0,667.607972
100,2000,Mode C,30.0,799720.92,799720.92,83.0,545.484319
100,2000,Mode C,40.0,889705.82,889705.82,92.0,445.700404
100,2000,Mode C,50.0,909705.52,909705.52,94.0,364.16968
100,2000,Mode C,60.0,909705.52,909705.52,94.0,297.553143
100,2000,Mode C,70.0,909705.52,909705.52,94.0,243.122581
100,2000,Mode C,80.0,909705.52,909705.52,94.0,198.64885
100,2000,Mode C,90.0,919680.6,919680.6,95.0,162.310574
100,2000,Mode C,100.0,929686.45,929686.45,96.0,132.619556
100,2000,Mode C,110.0,929686.45,929686.45,96.0,108.359833
100,2000,Mode C,120.0,929702.25,929702.25,96.0,88.537873
100,2000,Mode C,130.0,939689.25,939689.25,97.0,72.341888
100,2000,Mode C,140.0,939689.25,939689.25,97.0,59.10859
100,2000,Mode C,150.0,939689.25,939689.25,97.0,48.296021
100,2000,Mode C,160.0,939689.25,939689.25,97.0,39.461366
100,2000,Mode C,170.0,939689.25,939689.25,97.0,32.242809
100,2000,Mode C,180.0,939689.25,939689.25,97.0,26.344722
100,2000,Mode C,190.0,939689.25,939689.25,97.0,21.525556
100,2000,Mode C,200.0,939689.25,939689.25,97.0,17.587947
100,2000,Mode C,210.0,949686.25,949686.25,98.0,14.370633
100,2000,Mode C,220.0,949686.25,949686.25,98.0,11.741853
100,2000,Mode C,230.0,949686.25,949686.25,98.0,9.593949
100,2000,Mode C,240.0,949686.25,949686.25,98.0,7.838955
100,2000,Mode C,250.0,949686.25,949686.25,98.0,6.404997
100,2000,Mode C,260.0,949686.25,949686.25,98.0,5.233349
100,2000,Mode C,270.0,949686.25,949686.25,98.0,4.276027
100,2000,Mode C,280.0,949686.25,949686.25,98.0,3.493825
100,2000,Mode C,290.0,949686.25,949686.25,98.0,2.85471
100,2000,Mode C,300.0,949686.25,949686.25,98.0,2.332506
100,42,Mode A,10.0,789743.0,789743.0,82.0,817.072807
100,42,Mode A,20.0,929755.39,929755.39,96.0,667.607972
100,42,Mode A,30.0,939770.87,939770.87,97.0,545.484319
100,42,Mode A,40.0,959750.77,959750.77,99.0,445.700404
100,42,Mode A,50.0,959750.77,959750.77,99.0,364.16968
100,42,Mode A,60.0,959750.77,959750.77,99.0,297.553143
100,42,Mode A,70.0,969758.88,969758.88,100.0,243.122581
100,42,Mode A,80.0,969758.88,969758.88,100.0,198.64885
100,42,Mode A,90.0,969758.88,969758.88,100.0,162.310574
100,42,Mode A,100.0,969758.88,969758.88,100.0,132.619556
100,42,Mode A,110.0,969758.88,969758.88,100.0,108.359833
100,42,Mode A,120.0,969758.88,969758.88,100.0,88.537873
100,42,Mode A,130.0,969758.88,969758.88,100.0,72.341888
100,42,Mode A,140.0,969758.88,969758.88,100.0,59.10859
100,42,Mode A,150.0,969758.88,969758.88,100.0,48.296021
100,42,Mode A,160.0,969758.88,969758.88,100.0,39.461366
100,42,Mode B,10.0,684829.64,684829.64,71.0,817.072807
100,42,Mode B,20.0,764829.95,764829.95,79.0,667.607972
100,42,Mode B,30.0,834829.82,834829.82,86.0,545.484319
100,42,Mode B,40.0,844824.97,844824.97,87.0,445.700404
100,42,Mode B,50.0,914820.08,914820.08,94.0,364.16968
100,42,Mode B,60.0,934831.59,934831.59,96.0,297.553143
100,42,Mode B,70.0,934831.59,934831.59,96.0,243.122581
100,42,Mode B,80.0,934831.59,934831.59,96.0,198.64885
100,42,Mode B,90.0,934831.59,934831.59,96.0,162.310574
100,42,Mode B,100.0,944822.27,944822.27,97.0,132.619556
100,42,Mode B,110.0,944822.27,944822.27,97.0,108.359833
100,42,Mode B,120.0,944822.27,944822.27,97.0,88.537873
100,42,Mode B,130.0,944822.27,944822.27,97.0,72.341888
100,42,Mode B,140.0,944822.27,944822.27,97.0,59.10859
100,42,Mode B,150.0,944822.27,944822.27,97.0,48.296021
100,42,Mode B,160.0,944822.27,944822.27,97.0,39.461366
100,42,Mode B,170.0,944822.27,944822.27,97.0,32.242809
100,42,Mode B,180.0,944822.27,944822.27,97.0,26.344722
100,42,Mode B,190.0,944822.27,944822.27,97.0,21.525556
100,42,Mode C,10.0,619747.36,619747.36,65.0,817.072807
100,42,Mode C,20.0,689690.16,689690.16,72.0,667.607972
100,42,Mode C,30.0,769693.43,769693.43,80.0,545.484319
100,42,Mode C,40.0,829696.06,829696.06,86.0,445.700404
100,42,Mode C,50.0,839702.97,839702.97,87.0,364.16968
100,42,Mode C,60.0,859693.7,859693.7,89.0,297.553143
100,42,Mode C,70.0,899688.56,899688.56,93.0,243.122581
100,42,Mode C,80.0,909685.68,909685.68,94.0,198.64885
100,42,Mode C,90.0,909685.68,909685.68,94.0,162.310574
100,42,Mode C,100.0,919679.43,919679.43,95.0,132.619556
100,42,Mode C,110.0,919679.43,919679.43,95.0,108.359833
100,42,Mode C,120.0,919679.43,919679.43,95.0,88.537873
100,42,Mode C,130.0,919679.43,919679.43,95.0,72.341888
100,42,Mode C,140.0,919679.43,919679.43,95.0,59.10859
100,42,Mode C,150.0,919679.43,919679.43,95.0,48.296021
100,42,Mode C,160.0,919689.88,919689.88,95.0,39.461366
100,42,Mode C,170.0,919689.88,919689.88,95.0,32.242809
100,42,Mode C,180.0,919689.88,919689.88,95.0,26.344722
100,42,Mode C,190.0,919689.88,919689.88,95.0,21.525556
100,42,Mode C,200.0,919689.88,919689.88,95.0,17.587947
100,42,Mode C,210.0,919689.88,919689.88,95.0,14.370633
100,42,Mode C,220.0,919689.88,919689.88,95.0,11.741853
100,42,Mode C,230.0,919689.88,919689.88,95.0,9.593949
100,42,Mode C,240.0,919689.88,919689.88,95.0,7.838955
100,42,Mode C,250.0,919689.88,919689.88,95.0,6.404997
100,456,Mode A,10.0,779764.05,779764.05,81.0,817.072807
100,456,Mode A,20.0,779764.05,779764.05,81.0,667.607972
100,456,Mode A,30.0,839763.48,839763.48,87.0,545.484319
100,456,Mode A,40.0,869759.81,869759.81,90.0,445.700404
100,456,Mode A,50.0,879763.08,879763.08,91.0,364.16968
100,456,Mode A,60.0,879763.08,879763.08,91.0,297.553143
100,456,Mode A,70.0,879763.08,879763.08,91.0,243.122581
100,456,Mode A,80.0,879763.08,879763.08,91.0,198.64885
100,456,Mode A,90.0,879763.08,879763.08,91.0,162.310574
100,456,Mode A,100.0,879763.08,879763.08,91.0,132.619556
100,456,Mode A,110.0,879763.08,879763.08,91.0,108.359833
100,456,Mode A,120.0,889755.13,889755.13,92.0,88.537873
100,456,Mode A,130.0,889755.13,889755.13,92.0,72.341888
100,456,Mode A,140.0,909751.35,909751.35,94.0,59.10859
100,456,Mode A,150.0,909751.35,909751.35,94.0,48.296021
100,456,Mode A,160.0,909751.35,909751.35,94.0,39.461366
100,456,Mode A,170.0,909762.67,909762.67,94.0,32.242809
100,456,Mode A,180.0,919760.23,919760.23,95.0,26.344722
100,456,Mode A,190.0,919760.23,919760.23,95.0,21.525556
100,456,Mode A,200.0,919760.23,919760.23,95.0,17.587947
100,456,Mode A,210.0,919760.23,919760.23,95.0,14.370633
100,456,Mode A,220.0,919760.23,919760.23,95.0,11.741853
100,456,Mode A,230.0,919760.23,919760.23,95.0,9.593949
100,456,Mode A,240.0,919760.23,919760.23,95.0,7.838955
100,456,Mode A,250.0,919760.23,919760.23,95.0,6.404997
100,456,Mode A,260.0,919760.23,919760.23,95.0,5.233349
100,456,Mode A,270.0,919760.23,919760.23,95.0,4.276027
100,456,Mode B,10.0,694827.0,694827.0,72.0,817.072807
100,456,Mode B,20.0,824831.91,824831.91,85.0,667.607972
100,456,Mode B,30.0,914836.34,914836.34,94.0,545.484319
100,456,Mode B,40.0,914836.34,914836.34,94.0,445.700404
100,456,Mode B,50.0,914836.34,914836.34,94.0,364.16968
100,456,Mode B,60.0,944827.76,944827.76,97.0,297.553143
100,456,Mode B,70.0,944827.76,944827.76,97.0,243.122581
100,456,Mode B,80.0,944827.76,944827.76,97.0,198.64885
100,456,Mode B,90.0,944827.76,944827.76,97.0,162.310574
100,456,Mode B,100.0,944827.76,944827.76,97.0,132.619556
100,456,Mode B,110.0,944827.76,944827.76,97.0,108.359833
100,456,Mode B,120.0,954828.61,954828.61,98.0,88.537873
100,456,Mode B,130.0,954828.61,954828.61,98.0,72.341888
100,456,Mode B,140.0,954828.61,954828.61,98.0,59.10859
100,456,Mode B,150.0,954828.61,954828.61,98.0,48.296021
100,456,Mode B,160.0,954828.61,954828.61,98.0,39.461366
100,456,Mode B,170.0,954828.61,954828.61,98.0,32.242809
100,456,Mode B,180.0,954828.61,954828.61,98.0,26.344722
100,456,Mode B,190.0,954828.61,954828.61,98.0,21.525556
100,456,Mode B,200.0,954828.61,954828.61,98.0,17.587947
100,456,Mode B,210.0,954828.61,954828.61,98.0,14.370633
100,456,Mode C,10.0,669738.67,669738.67,70.0,817.072807
100,456,Mode C,20.0,719738.63,719738.63,75.0,667.607972
100,456,Mode C,30.0,759735.46,759735.46,79.0,545.484319
100,456,Mode C,40.0,759735.46,759735.46,79.0,445.700404
100,456,Mode C,50.0,789739.72,789739.72,82.0,364.16968
100,456,Mode C,60.0,819738.67,819738.67,85.0,297.553143
100,456,Mode C,70.0,829740.26,829740.26,86.0,243.122581
100,456,Mode C,80.0,829740.26,829740.26,86.0,198.64885
100,456,Mode C,90.0,879729.03,879729.03,91.0,162.310574
100,456,Mode C,100.0,879729.03,879729.03,91.0,132.619556
100,456,Mode C,110.0,879729.03,879729.03,91.0,108.359833
100,456,Mode C,120.0,879729.03,879729.03,91.0,88.537873
100,456,Mode C,130.0,879729.03,879729.03,91.0,72.341888
100,456,Mode C,140.0,879729.03,879729.03,91.0,59.10859
100,456,Mode C,150.0,889715.49,889715.49,92.0,48.296021
100,456,Mode C,160.0,889715.49,889715.49,92.0,39.461366
100,456,Mode C,170.0,889715.49,889715.49,92.0,32.242809
100,456,Mode C,180.0,889715.49,889715.49,92.0,26.344722
100,456,Mode C,190.0,889727.38,889727.38,92.0,21.525556
100,456,Mode C,200.0,909728.28,909728.28,94.0,17.587947
100,456,Mode C,210.0,909728.28,909728.28,94.0,14.370633
100,456,Mode C,220.0,919726.33,919726.33,95.0,11.741853
100,456,Mode C,230.0,919726.33,919726.33,95.0,9.593949
100,456,Mode C,240.0,919726.33,919726.33,95.0,7.838955
100,456,Mode C,250.0,919726.33,919726.33,95.0,6.404997
100,456,Mode C,260.0,919726.33,919726.33,95.0,5.233349
100,456,Mode C,270.0,919726.33,919726.33,95.0,4.276027
100,456,Mode C,280.0,919726.33,919726.33,95.0,3.493825
100,456,Mode C,290.0,919726.33,919726.33,95.0,2.85471
100,456,Mode C,300.0,919726.33,919726.33,95.0,2.332506
100,456,Mode C,310.0,919726.33,919726.33,95.0,1.905827
100,67,Mode A,10.0,839772.58,839772.58,87.0,817.072807
100,67,Mode A,20.0,869769.71,869769.71,90.0,667.607972
100,67,Mode A,30.0,879770.18,879770.18,91.0,545.484319
100,67,Mode A,40.0,939775.15,939775.15,97.0,445.700404
100,67,Mode A,50.0,939775.15,939775.15,97.0,364.16968
100,67,Mode A,60.0,939775.15,939775.15,97.0,297.553143
100,67,Mode A,70.0,939775.15,939775.15,97.0,243.122581
100,67,Mode A,80.0,939775.15,939775.15,97.0,198.64885
100,67,Mode A,90.0,949775.8,949775.8,98.0,162.310574
100,67,Mode A,100.0,949775.8,949775.8,98.0,132.619556
100,67,Mode A,110.0,949775.8,949775.8,98.0,108.359833
100,67,Mode A,120.0,959777.85,959777.85,99.0,88.537873
100,67,Mode A,130.0,959777.85,959777.85,99.0,72.341888
100,67,Mode A,140.0,959777.85,959777.85,99.0,59.10859
100,67,Mode A,150.0,959777.85,959777.85,99.0,48.296021
100,67,Mode A,160.0,959777.85,959777.85,99.0,39.461366
100,67,Mode A,170.0,959777.85,959777.85,99.0,32.242809
100,67,Mode A,180.0,959777.85,959777.85,99.0,26.344722
100,67,Mode A,190.0,969776.51,969776.51,100.0,21.525556
100,67,Mode A,200.0,969776.51,969776.51,100.0,17.587947
100,67,Mode A,210.0,969776.51,969776.51,100.0,14.370633
100,67,Mode A,220.0,969776.51,969776.51,100.0,11.741853
100,67,Mode A,230.0,969776.51,969776.51,100.0,9.593949
100,67,Mode A,240.0,969776.51,969776.51,100.0,7.838955
100,67,Mode A,250.0,969776.51,969776.51,100.0,6.404997
100,67,Mode A,260.0,969776.51,969776.51,100.0,5.233349
100,67,Mode A,270.0,969776.51,969776.51,100.0,4.276027
100,67,Mode A,280.0,969776.51,969776.51,100.0,3.493825
100,67,Mode B,10.0,884833.92,884833.92,91.0,817.072807
100,67,Mode B,20.0,914835.1,914835.1,94.0,667.607972
100,67,Mode B,30.0,914835.1,914835.1,94.0,545.484319
100,67,Mode B,40.0,924834.85,924834.85,95.0,445.700404
100,67,Mode B,50.0,934836.72,934836.72,96.0,364.16968
100,67,Mode B,60.0,934836.72,934836.72,96.0,297.553143
100,67,Mode B,70.0,944832.81,944832.81,97.0,243.122581
100,67,Mode B,80.0,944832.81,944832.81,97.0,198.64885
100,67,Mode B,90.0,944832.81,944832.81,97.0,162.310574
100,67,Mode B,100.0,944832.81,944832.81,97.0,132.619556
100,67,Mode B,110.0,944832.81,944832.81,97.0,108.359833
100,67,Mode B,120.0,954838.62,954838.62,98.0,88.537873
100,67,Mode B,130.0,954838.62,954838.62,98.0,72.341888
100,67,Mode B,140.0,954838.62,954838.62,98.0,59.10859
100,67,Mode B,150.0,954838.62,954838.62,98.0,48.296021
100,67,Mode B,160.0,964831.96,964831.96,99.0,39.461366
100,67,Mode B,170.0,964831.96,964831.96,99.0,32.242809
100,67,Mode B,180.0,964831.96,964831.96,99.0,26.344722
100,67,Mode B,190.0,964831.96,964831.96,99.0,21.525556
100,67,Mode B,200.0,974833.97,974833.97,100.0,17.587947
100,67,Mode B,210.0,974833.97,974833.97,100.0,14.370633
100,67,Mode B,220.0,974833.97,974833.97,100.0,11.741853
100,67,Mode C,10.0,749750.17,749750.17,78.0,817.072807
100,67,Mode C,20.0,869737.03,869737.03,90.0,667.607972
100,67,Mode C,30.0,869737.03,869737.03,90.0,545.484319
100,67,Mode C,40.0,869737.03,869737.03,90.0,445.700404
100,67,Mode C,50.0,869737.03,869737.03,90.0,364.16968
100,67,Mode C,60.0,869737.03,869737.03,90.0,297.553143
100,67,Mode C,70.0,899734.68,899734.68,93.0,243.122581
100,67,Mode C,80.0,909734.0,909734.0,94.0,198.64885
100,67,Mode C,90.0,909734.0,909734.0,94.0,162.310574
100,67,Mode C,100.0,919733.21,919733.21,95.0,132.619556
100,67,Mode C,110.0,919733.21,919733.21,95.0,108.359833
100,67,Mode C,120.0,919733.21,919733.21,95.0,88.537873
100,67,Mode C,130.0,919733.21,919733.21,95.0,72.341888
100,67,Mode C,140.0,919733.21,919733.21,95.0,59.10859
100,67,Mode C,150.0,919733.21,919733.21,95.0,48.296021
100,67,Mode C,160.0,919733.21,919733.21,95.0,39.461366
100,67,Mode C,170.0,919733.21,919733.21,95.0,32.242809
100,67,Mode C,180.0,919733.21,919733.21,95.0,26.344722
100,67,Mode C,190.0,919733.21,919733.21,95.0,21.525556
200,1337,Mode A,10.0,1629584.75,1629584.75,168.0,817.072807
200,1337,Mode A,20.0,1699582.09,1699582.09,175.0,667.607972
200,1337,Mode A,30.0,1749582.54,1749582.54,180.0,545.484319
200,1337,Mode A,40.0,1769587.25,1769587.25,182.0,445.700404
200,1337,Mode A,50.0,1839578.14,1839578.14,189.0,364.16968
200,1337,Mode A,60.0,1839578.14,1839578.14,189.0,297.553143
200,1337,Mode A,70.0,1839578.14,1839578.14,189.0,243.122581
200,1337,Mode A,80.0,1849566.84,1849566.84,190.0,198.64885
200,1337,Mode A,90.0,1859576.52,1859576.52,191.0,162.310574
200,1337,Mode A,100.0,1869577.93,1869577.93,192.0,132.619556
200,1337,Mode A,110.0,1899580.26,1899580.26,195.0,108.359833
200,1337,Mode B,10.0,1699627.91,1699627.91,175.0,817.072807
200,1337,Mode B,20.0,1769626.99,1769626.99,182.0,667.607972
200,1337,Mode B,30.0,1809634.35,1809634.35,186.0,545.484319
200,1337,Mode B,40.0,1829641.21,1829641.21,188.0,445.700404
200,1337,Mode B,50.0,1839642.54,1839642.54,189.0,364.16968
200,1337,Mode B,60.0,1879681.47,1879681.47,193.0,297.553143
200,1337,Mode C,10.0,1424493.37,1424493.37,148.0,817.072807
200,1337,Mode C,20.0,1554495.46,1554495.46,161.0,667.607972
200,1337,Mode C,30.0,1624519.9,1624519.9,168.0,545.484319
200,1337,Mode C,40.0,1684474.0,1684474.0,174.0,445.700404
200,1337,Mode C,50.0,1694472.68,1694472.68,175.0,364.16968
200,1337,Mode C,60.0,1854455.99,1854455.99,191.0,297.553143
200,1337,Mode C,70.0,1874445.81,1874445.81,193.0,243.122581
200,1337,Mode C,80.0,1884447.75,1884447.75,194.0,198.64885
200,1337,Mode C,90.0,1904443.19,1904443.19,196.0,162.310574
200,1337,Mode C,100.0,1914441.36,1914441.36,197.0,132.619556
200,1337,Mode C,110.0,1914441.36,1914441.36,197.0,108.359833
200,1337,Mode C,120.0,1924444.07,1924444.07,198.0,88.537873
200,1337,Mode C,130.0,1934437.61,1934437.61,199.0,72.341888
200,1337,Mode C,140.0,1934437.61,1934437.61,199.0,59.10859
200,1337,Mode C,150.0,1934437.61,1934437.61,199.0,48.296021
200,1337,Mode C,160.0,1934437.61,1934437.61,199.0,39.461366
200,1337,Mode C,170.0,1934437.61,1934437.61,199.0,32.242809
200,1337,Mode C,180.0,1934437.61,1934437.61,199.0,26.344722
200,1337,Mode C,190.0,1934451.82,1934451.82,199.0,21.525556
200,1337,Mode C,200.0,1934463.34,1934463.34,199.0,17.587947
200,1337,Mode C,210.0,1934463.34,1934463.34,199.0,14.370633
200,2000,Mode A,10.0,1584530.08,1584530.08,164.0,817.072807
200,2000,Mode A,20.0,1794524.21,1794524.21,185.0,667.607972
200,2000,Mode A,30.0,1884515.4,1884515.4,194.0,545.484319
200,2000,Mode A,40.0,1924527.01,1924527.01,198.0,445.700404
200,2000,Mode A,50.0,1924527.01,1924527.01,198.0,364.16968
200,2000,Mode B,10.0,1759661.23,1759661.23,181.0,817.072807
200,2000,Mode B,20.0,1879644.78,1879644.78,193.0,667.607972
200,2000,Mode B,30.0,1889669.38,1889669.38,194.0,545.484319
200,2000,Mode B,40.0,1889687.18,1889687.18,194.0,445.700404
200,2000,Mode B,50.0,1889687.18,1889687.18,194.0,364.16968
200,2000,Mode B,60.0,1889687.18,1889687.18,194.0,297.553143
200,2000,Mode B,70.0,1889687.18,1889687.18,194.0,243.122581
200,2000,Mode B,80.0,1889687.18,1889687.18,194.0,198.64885
200,2000,Mode B,90.0,1889687.18,1889687.18,194.0,162.310574
200,2000,Mode B,100.0,1889687.18,1889687.18,194.0,132.619556
200,2000,Mode B,110.0,1889687.18,1889687.18,194.0,108.359833
200,2000,Mode C,10.0,1604483.75,1604483.75,166.0,817.072807
200,2000,Mode C,20.0,1634477.02,1634477.02,169.0,667.607972
200,2000,Mode C,30.0,1684489.06,1684489.06,174.0,545.484319
200,2000,Mode C,40.0,1754450.17,1754450.17,181.0,445.700404
200,2000,Mode C,50.0,1774473.0,1774473.0,183.0,364.16968
200,2000,Mode C,60.0,1824452.46,1824452.46,188.0,297.553143
200,2000,Mode C,70.0,1854448.57,1854448.57,191.0,243.122581
200,2000,Mode C,80.0,1884450.16,1884450.16,194.0,198.64885
200,2000,Mode C,90.0,1894450.97,1894450.97,195.0,162.310574
200,2000,Mode C,100.0,1914434.92,1914434.92,197.0,132.619556
200,2000,Mode C,110.0,1914449.78,1914449.78,197.0,108.359833
200,2000,Mode C,120.0,1924436.81,1924436.81,198.0,88.537873
200,2000,Mode C,130.0,1934439.39,1934439.39,199.0,72.341888
200,2000,Mode C,140.0,1934439.39,1934439.39,199.0,59.10859
200,2000,Mode C,150.0,1934439.39,1934439.39,199.0,48.296021
200,2000,Mode C,160.0,1934439.39,1934439.39,199.0,39.461366
200,2000,Mode C,170.0,1934439.39,1934439.39,199.0,32.242809
200,42,Mode A,10.0,1734529.47,1734529.47,179.0,817.072807
200,42,Mode A,20.0,1824531.61,1824531.61,188.0,667.607972
200,42,Mode A,30.0,1864521.64,1864521.64,192.0,545.484319
200,42,Mode A,40.0,1864521.64,1864521.64,192.0,445.700404
200,42,Mode A,50.0,1934508.36,1934508.36,199.0,364.16968
200,42,Mode A,60.0,1944509.63,1944509.63,200.0,297.553143
200,42,Mode A,70.0,1944520.07,1944520.07,200.0,243.122581
200,42,Mode A,80.0,1944520.07,1944520.07,200.0,198.64885
200,42,Mode A,90.0,1944530.95,1944530.95,200.0,162.310574
200,42,Mode A,100.0,1944541.7,1944541.7,200.0,132.619556
200,42,Mode B,10.0,1709629.87,1709629.87,176.0,817.072807
200,42,Mode B,20.0,1739627.23,1739627.23,179.0,667.607972
200,42,Mode B,30.0,1819633.06,1819633.06,187.0,545.484319
200,42,Mode B,40.0,1899687.34,1899687.34,195.0,445.700404
200,42,Mode B,50.0,1899687.34,1899687.34,195.0,364.16968
200,42,Mode B,60.0,1899687.34,1899687.34,195.0,297.553143
200,42,Mode B,70.0,1899687.34,1899687.34,195.0,243.122581
200,42,Mode B,80.0,1899700.17,1899700.17,195.0,198.64885
200,42,Mode C,10.0,1714451.14,1714451.14,177.0,817.072807
200,42,Mode C,20.0,1844435.53,1844435.53,190.0,667.607972
200,42,Mode C,30.0,1864415.68,1864415.68,192.0,545.484319
200,42,Mode C,40.0,1874421.51,1874421.51,193.0,445.700404
200,42,Mode C,50.0,1874421.51,1874421.51,193.0,364.16968
200,42,Mode C,60.0,1884417.99,1884417.99,194.0,297.553143
200,42,Mode C,70.0,1884417.99,1884417.99,194.0,243.122581
200,42,Mode C,80.0,1884417.99,1884417.99,194.0,198.64885
200,42,Mode C,90.0,1894405.64,1894405.64,195.0,162.310574
200,42,Mode C,100.0,1894405.64,1894405.64,195.0,132.619556
200,42,Mode C,110.0,1894405.64,1894405.64,195.0,108.359833
200,42,Mode C,120.0,1894405.64,1894405.64,195.0,88.537873
200,42,Mode C,130.0,1904402.93,1904402.93,196.0,72.341888
200,42,Mode C,140.0,1904402.93,1904402.93,196.0,59.10859
200,42,Mode C,150.0,1914404.3,1914404.3,197.0,48.296021
200,42,Mode C,160.0,1914404.3,1914404.3,197.0,39.461366
200,42,Mode C,170.0,1914404.3,1914404.3,197.0,32.242809
200,42,Mode C,180.0,1914404.3,1914404.3,197.0,26.344722
200,42,Mode C,190.0,1914404.3,1914404.3,197.0,21.525556
200,42,Mode C,200.0,1924393.2,1924393.2,198.0,17.587947
200,456,Mode A,10.0,1604541.64,1604541.64,166.0,817.072807
200,456,Mode A,20.0,1754533.8,1754533.8,181.0,667.607972
200,456,Mode A,30.0,1864526.37,1864526.37,192.0,545.484319
200,456,Mode A,40.0,1884512.18,1884512.18,194.0,445.700404
200,456,Mode A,50.0,1894504.88,1894504.88,195.0,364.16968
200,456,Mode A,60.0,1914507.95,1914507.95,197.0,297.553143
200,456,Mode A,70.0,1914519.34,1914519.34,197.0,243.122581
200,456,Mode A,80.0,1914519.34,1914519.34,197.0,198.64885
200,456,Mode A,90.0,1914540.35,1914540.35,197.0,162.310574
200,456,Mode A,100.0,1914540.35,1914540.35,197.0,132.619556
200,456,Mode A,110.0,1914540.35,1914540.35,197.0,108.359833
200,456,Mode A,120.0,1914540.35,1914540.35,197.0,88.537873
200,456,Mode A,130.0,1914540.35,1914540.35,197.0,72.341888
200,456,Mode A,140.0,1919548.3,1919548.3,197.0,59.10859
200,456,Mode A,150.0,1919548.3,1919548.3,197.0,48.296021
200,456,Mode A,160.0,1919548.3,1919548.3,197.0,39.461366
200,456,Mode A,170.0,1919548.3,1919548.3,197.0,32.242809
200,456,Mode A,180.0,1919548.3,1919548.3,197.0,26.344722
200,456,Mode A,190.0,1919548.3,1919548.3,197.0,21.525556
200,456,Mode A,200.0,1919548.3,1919548.3,197.0,17.587947
200,456,Mode A,210.0,1919548.3,1919548.3,197.0,14.370633
200,456,Mode A,220.0,1919548.3,1919548.3,197.0,11.741853
200,456,Mode A,230.0,1919548.3,1919548.3,197.0,9.593949
200,456,Mode B,10.0,1739628.21,1739628.21,179.0,817.072807
200,456,Mode B,20.0,1849637.43,1849637.43,190.0,667.607972
200,456,Mode B,30.0,1849653.75,1849653.75,190.0,545.484319
200,456,Mode B,40.0,1849668.38,1849668.38,190.0,445.700404
200,456,Mode B,50.0,1849680.69,1849680.69,190.0,364.16968
200,456,Mode B,60.0,1849680.69,1849680.69,190.0,297.553143
200,456,Mode B,70.0,1849680.69,1849680.69,190.0,243.122581
200,456,Mode B,80.0,1854694.63,1854694.63,190.0,198.64885
200,456,Mode B,90.0,1854694.63,1854694.63,190.0,162.310574
200,456,Mode B,100.0,1854704.68,1854704.68,190.0,132.619556
200,456,Mode B,110.0,1854704.68,1854704.68,190.0,108.359833
200,456,Mode B,120.0,1854717.52,1854717.52,190.0,88.537873
200,456,Mode B,130.0,1854717.52,1854717.52,190.0,72.341888
200,456,Mode B,140.0,1854717.52,1854717.52,190.0,59.10859
200,456,Mode B,150.0,1854717.52,1854717.52,190.0,48.296021
200,456,Mode B,160.0,1854717.52,1854717.52,190.0,39.461366
200,456,Mode B,170.0,1854717.52,1854717.52,190.0,32.242809
200,456,Mode B,180.0,1854717.52,1854717.52,190.0,26.344722
200,456,Mode B,190.0,1854717.52,1854717.52,190.0,21.525556
200,456,Mode B,200.0,1854717.52,1854717.52,190.0,17.587947
200,456,Mode C,10.0,1634448.18,1634448.18,169.0,817.072807
200,456,Mode C,20.0,1734452.97,1734452.97,179.0,667.607972
200,456,Mode C,30.0,1804448.23,1804448.23,186.0,545.484319
200,456,Mode C,40.0,1844433.41,1844433.41,190.0,445.700404
200,456,Mode C,50.0,1864429.58,1864429.58,192.0,364.16968
200,456,Mode C,60.0,1894423.93,1894423.93,195.0,297.553143
200,456,Mode C,70.0,1904419.09,1904419.09,196.0,243.122581
200,456,Mode C,80.0,1914420.53,1914420.53,197.0,198.64885
200,456,Mode C,90.0,1914420.53,1914420.53,197.0,162.310574
200,456,Mode C,100.0,1914436.79,1914436.79,197.0,132.619556
200,456,Mode C,110.0,1914436.79,1914436.79,197.0,108.359833
200,456,Mode C,120.0,1924433.93,1924433.93,198.0,88.537873
200,456,Mode C,130.0,1934423.02,1934423.02,199.0,72.341888
200,456,Mode C,140.0,1934423.02,1934423.02,199.0,59.10859
200,456,Mode C,150.0,1934423.02,1934423.02,199.0,48.296021
200,456,Mode C,160.0,1934423.02,1934423.02,199.0,39.461366
200,456,Mode C,170.0,1934423.02,1934423.02,199.0,32.242809
200,456,Mode C,180.0,1934433.04,1934433.04,199.0,26.344722
200,456,Mode C,190.0,1934433.04,1934433.04,199.0,21.525556
200,456,Mode C,200.0,1934433.04,1934433.04,199.0,17.587947
200,456,Mode C,210.0,1934433.04,1934433.04,199.0,14.370633
200,456,Mode C,220.0,1934433.04,1934433.04,199.0,11.741853
200,456,Mode C,230.0,1934433.04,1934433.04,199.0,9.593949
200,456,Mode C,240.0,1934433.04,1934433.04,199.0,7.838955
200,456,Mode C,250.0,1934444.27,1934444.27,199.0,6.404997
200,456,Mode C,260.0,1934444.27,1934444.27,199.0,5.233349
200,456,Mode C,270.0,1934444.27,1934444.27,199.0,4.276027
200,456,Mode C,280.0,1934454.75,1934454.75,199.0,3.493825
200,456,Mode C,290.0,1934454.75,1934454.75,199.0,2.85471
200,456,Mode C,300.0,1934454.75,1934454.75,199.0,2.332506
200,456,Mode C,310.0,1934454.75,1934454.75,199.0,1.905827
200,456,Mode C,320.0,1934454.75,1934454.75,199.0,1.557199
200,456,Mode C,330.0,1934454.75,1934454.75,199.0,1.272345
200,456,Mode C,340.0,1934454.75,1934454.75,199.0,1.039599
200,67,Mode A,10.0,1884616.07,1884616.07,194.0,817.072807
200,67,Mode A,20.0,1924606.86,1924606.86,198.0,667.607972
200,67,Mode A,30.0,1924625.27,1924625.27,198.0,545.484319
200,67,Mode A,40.0,1924625.27,1924625.27,198.0,445.700404
200,67,Mode A,50.0,1924625.27,1924625.27,198.0,364.16968
200,67,Mode A,60.0,1924625.27,1924625.27,198.0,297.553143
200,67,Mode A,70.0,1924625.27,1924625.27,198.0,243.122581
200,67,Mode A,80.0,1924625.27,1924625.27,198.0,198.64885
200,67,Mode A,90.0,1924625.27,1924625.27,198.0,162.310574
200,67,Mode A,100.0,1924625.27,1924625.27,198.0,132.619556
200,67,Mode B,10.0,1859669.43,1859669.43,191.0,817.072807
200,67,Mode B,20.0,1929665.59,1929665.59,198.0,667.607972
200,67,Mode B,30.0,1949670.59,1949670.59,200.0,545.484319
200,67,Mode B,40.0,1949670.59,1949670.59,200.0,445.700404
200,67,Mode B,50.0,1949684.77,1949684.77,200.0,364.16968
200,67,Mode B,60.0,1949684.77,1949684.77,200.0,297.553143
200,67,Mode B,70.0,1949684.77,1949684.77,200.0,243.122581
200,67,Mode B,80.0,1949699.72,1949699.72,200.0,198.64885
200,67,Mode B,90.0,1949699.72,1949699.72,200.0,162.310574
200,67,Mode B,100.0,1949699.72,1949699.72,200.0,132.619556
200,67,Mode C,10.0,1724519.21,1724519.21,178.0,817.072807
200,67,Mode C,20.0,1844510.1,1844510.1,190.0,667.607972
200,67,Mode C,30.0,1894510.98,1894510.98,195.0,545.484319
200,67,Mode C,40.0,1894510.98,1894510.98,195.0,445.700404
200,67,Mode C,50.0,1894510.98,1894510.98,195.0,364.16968
200,67,Mode C,60.0,1894510.98,1894510.98,195.0,297.553143
200,67,Mode C,70.0,1894510.98,1894510.98,195.0,243.122581
200,67,Mode C,80.0,1924498.12,1924498.12,198.0,198.64885
200,67,Mode C,90.0,1934512.4,1934512.4,199.0,162.310574
200,67,Mode C,100.0,1944509.3,1944509.3,200.0,132.619556
200,67,Mode C,110.0,1944509.3,1944509.3,200.0,108.359833
200,67,Mode C,120.0,1944509.3,1944509.3,200.0,88.537873
200,67,Mode C,130.0,1944509.3,1944509.3,200.0,72.341888
200,67,Mode C,140.0,1944509.3,1944509.3,200.0,59.10859
200,67,Mode C,150.0,1944509.3,1944509.3,200.0,48.296021
200,67,Mode C,160.0,1944509.3,1944509.3,200.0,39.461366
200,67,Mode C,170.0,1944509.3,1944509.3,200.0,32.242809
200,67,Mode C,180.0,1944509.3,1944509.3,200.0,26.344722
200,67,Mode C,190.0,1944520.82,1944520.82,200.0,21.525556
200,67,Mode C,200.0,1944520.82,1944520.82,200.0,17.587947
200,67,Mode C,210.0,1944520.82,1944520.82,200.0,14.370633
200,67,Mode C,220.0,1944520.82,1944520.82,200.0,11.741853
200,67,Mode C,230.0,1944520.82,1944520.82,200.0,9.593949
200,67,Mode C,240.0,1944520.82,1944520.82,200.0,7.838955
400,1337,Mode A,10.0,3784165.69,3784165.69,388.0,817.072807
400,1337,Mode A,20.0,3824172.37,3824172.37,392.0,667.607972
400,1337,Mode B,10.0,3604308.0,3604308.0,370.0,817.072807
400,1337,Mode B,20.0,3704304.32,3704304.32,380.0,667.607972
400,1337,Mode C,10.0,3288967.67,3288967.67,339.0,817.072807
400,1337,Mode C,20.0,3648959.45,3648959.45,375.0,667.607972
400,1337,Mode C,30.0,3798923.15,3798923.15,390.0,545.484319
400,1337,Mode C,40.0,3828925.32,3828925.32,393.0,445.700404
400,1337,Mode C,50.0,3858925.52,3858925.52,396.0,364.16968
400,1337,Mode C,60.0,3878913.72,3878913.72,398.0,297.553143
400,1337,Mode C,70.0,3888922.27,3888922.27,399.0,243.122581
400,1337,Mode C,80.0,3888932.3,3888932.3,399.0,198.64885
400,1337,Mode C,90.0,3888932.3,3888932.3,399.0,162.310574
400,1337,Mode C,100.0,3888932.3,3888932.3,399.0,132.619556
400,2000,Mode A,10.0,3714154.87,3714154.87,381.0,817.072807
400,2000,Mode A,20.0,3744148.51,3744148.51,384.0,667.607972
400,2000,Mode A,30.0,3844155.17,3844155.17,394.0,545.484319
400,2000,Mode B,10.0,3674290.58,3674290.58,377.0,817.072807
400,2000,Mode C,10.0,2949000.31,2949000.31,305.0,817.072807
400,2000,Mode C,20.0,3378981.37,3378981.37,348.0,667.607972
400,2000,Mode C,30.0,3778978.1,3778978.1,388.0,545.484319
400,2000,Mode C,40.0,3788978.71,3788978.71,389.0,445.700404
400,2000,Mode C,50.0,3818956.89,3818956.89,392.0,364.16968
400,2000,Mode C,60.0,3848976.44,3848976.44,395.0,297.553143
400,2000,Mode C,70.0,3858978.18,3858978.18,396.0,243.122581
400,2000,Mode C,80.0,3858978.18,3858978.18,396.0,198.64885
400,2000,Mode C,90.0,3868979.72,3868979.72,397.0,162.310574
400,2000,Mode C,100.0,3878969.05,3878969.05,398.0,132.619556
400,2000,Mode C,110.0,3888970.19,3888970.19,399.0,108.359833
400,2000,Mode C,120.0,3898967.82,3898967.82,400.0,88.537873
400,2000,Mode C,130.0,3898967.82,3898967.82,400.0,72.341888
400,2000,Mode C,140.0,3898967.82,3898967.82,400.0,59.10859
400,2000,Mode C,150.0,3898967.82,3898967.82,400.0,48.296021
400,42,Mode A,10.0,3694197.22,3694197.22,379.0,817.072807
400,42,Mode A,20.0,3854226.65,3854226.65,395.0,667.607972
400,42,Mode A,30.0,3854226.65,3854226.65,395.0,545.484319
400,42,Mode B,10.0,3794407.33,3794407.33,389.0,817.072807
400,42,Mode C,10.0,2904032.72,2904032.72,300.0,817.072807
400,42,Mode C,20.0,3174039.65,3174039.65,327.0,667.607972
400,42,Mode C,30.0,3354024.91,3354024.91,345.0,545.484319
400,42,Mode C,40.0,3494012.93,3494012.93,359.0,445.700404
400,42,Mode C,50.0,3704013.54,3704013.54,380.0,364.16968
400,42,Mode C,60.0,3794006.21,3794006.21,389.0,297.553143
400,42,Mode C,70.0,3823999.62,3823999.62,392.0,243.122581
400,42,Mode C,80.0,3863995.64,3863995.64,396.0,198.64885
400,42,Mode C,90.0,3884001.0,3884001.0,398.0,162.310574
400,42,Mode C,100.0,3884001.0,3884001.0,398.0,132.619556
400,42,Mode C,110.0,3893991.83,3893991.83,399.0,108.359833
400,42,Mode C,120.0,3893991.83,3893991.83,399.0,88.537873
400,456,Mode A,10.0,3534136.22,3534136.22,363.0,817.072807
400,456,Mode A,20.0,3784167.18,3784167.18,388.0,667.607972
400,456,Mode A,30.0,3824135.52,3824135.52,392.0,545.484319
400,456,Mode A,40.0,3844138.76,3844138.76,394.0,445.700404
400,456,Mode A,50.0,3854150.24,3854150.24,395.0,364.16968
400,456,Mode A,60.0,3864145.12,3864145.12,396.0,297.553143
400,456,Mode A,70.0,3864164.69,3864164.69,396.0,243.122581
400,456,Mode A,80.0,3874154.02,3874154.02,397.0,198.64885
400,456,Mode A,90.0,3874154.02,3874154.02,397.0,162.310574
400,456,Mode A,100.0,3874154.02,3874154.02,397.0,132.619556
400,456,Mode A,110.0,3874154.02,3874154.02,397.0,108.359833
400,456,Mode A,120.0,3874182.53,3874182.53,397.0,88.537873
400,456,Mode A,130.0,3874193.26,3874193.26,397.0,72.341888
400,456,Mode A,140.0,3874193.26,3874193.26,397.0,59.10859
400,456,Mode A,150.0,3874205.8,3874205.8,397.0,48.296021
400,456,Mode A,160.0,3874205.8,3874205.8,397.0,39.461366
400,456,Mode A,170.0,3874216.35,3874216.35,397.0,32.242809
400,456,Mode A,180.0,3874216.35,3874216.35,397.0,26.344722
400,456,Mode A,190.0,3874216.35,3874216.35,397.0,21.525556
400,456,Mode A,200.0,3874216.35,3874216.35,397.0,17.587947
400,456,Mode A,210.0,3874216.35,3874216.35,397.0,14.370633
400,456,Mode A,220.0,3874216.35,3874216.35,397.0,11.741853
400,456,Mode A,230.0,3874216.35,3874216.35,397.0,9.593949
400,456,Mode A,240.0,3874216.35,3874216.35,397.0,7.838955
400,456,Mode A,250.0,3874216.35,3874216.35,397.0,6.404997
400,456,Mode A,260.0,3874216.35,3874216.35,397.0,5.233349
400,456,Mode B,10.0,3724451.55,3724451.55,382.0,817.072807
400,456,Mode B,20.0,3724475.21,3724475.21,382.0,667.607972
400,456,Mode B,30.0,3724475.21,3724475.21,382.0,545.484319
400,456,Mode B,40.0,3724475.21,3724475.21,382.0,445.700404
400,456,Mode B,50.0,3729505.23,3729505.23,382.0,364.16968
400,456,Mode B,60.0,3729505.23,3729505.23,382.0,297.553143
400,456,Mode B,70.0,3729505.23,3729505.23,382.0,243.122581
400,456,Mode B,80.0,3729519.72,3729519.72,382.0,198.64885
400,456,Mode B,90.0,3729519.72,3729519.72,382.0,162.310574
400,456,Mode B,100.0,3729519.72,3729519.72,382.0,132.619556
400,456,Mode B,110.0,3729519.72,3729519.72,382.0,108.359833
400,456,Mode B,120.0,3729519.72,3729519.72,382.0,88.537873
400,456,Mode B,130.0,3729519.72,3729519.72,382.0,72.341888
400,456,Mode B,140.0,3729519.72,3729519.72,382.0,59.10859
400,456,Mode C,10.0,2754026.19,2754026.19,285.0,817.072807
400,456,Mode C,20.0,2944010.77,2944010.77,304.0,667.607972
400,456,Mode C,30.0,3163993.74,3163993.74,326.0,545.484319
400,456,Mode C,40.0,3623992.45,3623992.45,372.0,445.700404
400,456,Mode C,50.0,3703963.48,3703963.48,380.0,364.16968
400,456,Mode C,60.0,3743966.15,3743966.15,384.0,297.553143
400,456,Mode C,70.0,3763968.93,3763968.93,386.0,243.122581
400,456,Mode C,80.0,3773965.81,3773965.81,387.0,198.64885
400,456,Mode C,90.0,3813959.54,3813959.54,391.0,162.310574
400,456,Mode C,100.0,3823964.01,3823964.01,392.0,132.619556
400,456,Mode C,110.0,3843980.75,3843980.75,394.0,108.359833
400,456,Mode C,120.0,3863972.71,3863972.71,396.0,88.537873
400,456,Mode C,130.0,3873971.23,3873971.23,397.0,72.341888
400,456,Mode C,140.0,3873971.23,3873971.23,397.0,59.10859
400,456,Mode C,150.0,3873971.23,3873971.23,397.0,48.296021
400,456,Mode C,160.0,3873971.23,3873971.23,397.0,39.461366
400,456,Mode C,170.0,3883984.48,3883984.48,398.0,32.242809
400,456,Mode C,180.0,3883984.48,3883984.48,398.0,26.344722
400,456,Mode C,190.0,3883995.09,3883995.09,398.0,21.525556
400,456,Mode C,200.0,3893986.39,3893986.39,399.0,17.587947
400,456,Mode C,210.0,3893986.39,3893986.39,399.0,14.370633
400,456,Mode C,220.0,3893986.39,3893986.39,399.0,11.741853
400,456,Mode C,230.0,3893986.39,3893986.39,399.0,9.593949
400,456,Mode C,240.0,3893986.39,3893986.39,399.0,7.838955
400,456,Mode C,250.0,3893986.39,3893986.39,399.0,6.404997
400,456,Mode C,260.0,3893986.39,3893986.39,399.0,5.233349
400,456,Mode C,270.0,3893986.39,3893986.39,399.0,4.276027
400,456,Mode C,280.0,3893986.39,3893986.39,399.0,3.493825
400,456,Mode C,290.0,3893986.39,3893986.39,399.0,2.85471
400,67,Mode A,10.0,3409179.31,3409179.31,351.0,817.072807
400,67,Mode A,20.0,3679184.66,3679184.66,378.0,667.607972
400,67,Mode A,30.0,3819181.52,3819181.52,392.0,545.484319
400,67,Mode A,40.0,3859179.95,3859179.95,396.0,445.700404
400,67,Mode A,50.0,3859220.35,3859220.35,396.0,364.16968
400,67,Mode B,10.0,3764410.93,3764410.93,386.0,817.072807
400,67,Mode C,10.0,2739084.71,2739084.71,284.0,817.072807
400,67,Mode C,20.0,2819065.16,2819065.16,292.0,667.607972
400,67,Mode C,30.0,2869057.17,2869057.17,297.0,545.484319
400,67,Mode C,40.0,3329038.05,3329038.05,343.0,445.700404
400,67,Mode C,50.0,3679004.01,3679004.01,378.0,364.16968
400,67,Mode C,60.0,3809003.66,3809003.66,391.0,297.553143
400,67,Mode C,70.0,3888983.69,3888983.69,399.0,243.122581
400,67,Mode C,80.0,3889007.77,3889007.77,399.0,198.64885
400,67,Mode C,90.0,3899001.84,3899001.84,400.0,162.310574
400,67,Mode C,100.0,3899001.84,3899001.84,400.0,132.619556
600,100_old_ithink,Mode A,10.0,4368901.51,4368901.51,451.0,817.072807
600,100_old_ithink,Mode A,20.0,5408841.52,5408841.52,555.0,667.607972
600,100_old_ithink,Mode A,30.0,5628854.78,5628854.78,577.0,545.484319
600,100_old_ithink,Mode A,40.0,5688831.01,5688831.01,583.0,445.700404
600,100_old_ithink,Mode A,50.0,5738835.64,5738835.64,588.0,364.16968
600,100_old_ithink,Mode A,60.0,5748835.2,5748835.2,589.0,297.553143
600,100_old_ithink,Mode A,70.0,5748835.2,5748835.2,589.0,243.122581
600,100_old_ithink,Mode A,80.0,5768900.69,5768900.69,591.0,198.64885
600,100_old_ithink,Mode A,90.0,5768900.69,5768900.69,591.0,162.310574
600,100_old_ithink,Mode A,100.0,5768900.69,5768900.69,591.0,132.619556
600,100_old_ithink,Mode A,110.0,5768900.69,5768900.69,591.0,108.359833
600,100_old_ithink,Mode A,120.0,5768900.69,5768900.69,591.0,88.537873
600,100_old_ithink,Mode A,130.0,5768935.29,5768935.29,591.0,72.341888
600,100_old_ithink,Mode A,140.0,5768935.29,5768935.29,591.0,59.10859
600,100_old_ithink,Mode A,150.0,5768935.29,5768935.29,591.0,48.296021
600,100_old_ithink,Mode A,160.0,5768935.29,5768935.29,591.0,39.461366
600,100_old_ithink,Mode A,170.0,5768935.29,5768935.29,591.0,32.242809
600,100_old_ithink,Mode A,180.0,5768952.6,5768952.6,591.0,26.344722
600,100_old_ithink,Mode A,190.0,5768952.6,5768952.6,591.0,21.525556
600,100_old_ithink,Mode A,200.0,5768988.37,5768988.37,591.0,17.587947
600,100_old_ithink,Mode A,210.0,5768988.37,5768988.37,591.0,14.370633
600,100_old_ithink,Mode A,220.0,5768988.37,5768988.37,591.0,11.741853
600,100_old_ithink,Mode B,10.0,4224230.5,4224230.5,434.0,817.072807
600,100_old_ithink,Mode B,20.0,5559105.53,5559105.53,570.0,667.607972
600,100_old_ithink,Mode B,30.0,5559116.46,5559116.46,570.0,545.484319
600,100_old_ithink,Mode B,40.0,5559141.17,5559141.17,570.0,445.700404
600,100_old_ithink,Mode B,50.0,5564163.83,5564163.83,570.0,364.16968
600,100_old_ithink,Mode B,60.0,5564163.83,5564163.83,570.0,297.553143
600,100_old_ithink,Mode B,70.0,5564212.52,5564212.52,570.0,243.122581
600,100_old_ithink,Mode B,80.0,5564212.52,5564212.52,570.0,198.64885
600,100_old_ithink,Mode B,90.0,5569216.42,5569216.42,570.0,162.310574
600,100_old_ithink,Mode B,100.0,5569216.42,5569216.42,570.0,132.619556
600,100_old_ithink,Mode B,110.0,5569216.42,5569216.42,570.0,108.359833
600,100_old_ithink,Mode B,120.0,5569216.42,5569216.42,570.0,88.537873
600,100_old_ithink,Mode B,130.0,5569216.42,5569216.42,570.0,72.341888
600,100_old_ithink,Mode B,140.0,5569216.42,5569216.42,570.0,59.10859
600,100_old_ithink,Mode B,150.0,5569216.42,5569216.42,570.0,48.296021
600,100_old_ithink,Mode C,10.0,2494128.69,2494128.69,260.0,817.072807
600,100_old_ithink,Mode C,20.0,3938991.65,3938991.65,405.0,667.607972
600,100_old_ithink,Mode C,30.0,5008682.28,5008682.28,515.0,545.484319
600,100_old_ithink,Mode C,40.0,5388707.01,5388707.01,553.0,445.700404
600,100_old_ithink,Mode C,50.0,5538662.56,5538662.56,568.0,364.16968
600,100_old_ithink,Mode C,60.0,5598633.57,5598633.57,574.0,297.553143
600,100_old_ithink,Mode C,70.0,5728578.18,5728578.18,587.0,243.122581
600,100_old_ithink,Mode C,80.0,5768616.16,5768616.16,591.0,198.64885
600,100_old_ithink,Mode C,90.0,5818604.63,5818604.63,596.0,162.310574
600,100_old_ithink,Mode C,100.0,5848659.03,5848659.03,599.0,132.619556
600,100_old_ithink,Mode C,110.0,5848678.19,5848678.19,599.0,108.359833
600,100_old_ithink,Mode C,120.0,5848694.82,5848694.82,599.0,88.537873
600,100_old_ithink,Mode C,130.0,5848694.82,5848694.82,599.0,72.341888
600,100_old_ithink,Mode C,140.0,5848694.82,5848694.82,599.0,59.10859
600,100_old_ithink,Mode C,150.0,5848694.82,5848694.82,599.0,48.296021
600,100_old_ithink,Mode C,160.0,5848694.82,5848694.82,599.0,39.461366
600,100_old_ithink,Mode C,170.0,5848694.82,5848694.82,599.0,32.242809
600,100_old_ithink,Mode C,180.0,5848694.82,5848694.82,599.0,26.344722
600,100_old_ithink,Mode C,190.0,5848694.82,5848694.82,599.0,21.525556
600,100_old_ithink,Mode C,200.0,5848730.13,5848730.13,599.0,17.587947
600,100_old_ithink,Mode C,210.0,5848730.13,5848730.13,599.0,14.370633
600,100_old_ithink,Mode C,220.0,5848730.13,5848730.13,599.0,11.741853
600,100_old_ithink,Mode C,230.0,5848730.13,5848730.13,599.0,9.593949
600,100_old_ithink,Mode C,240.0,5848730.13,5848730.13,599.0,7.838955
600,100_old_ithink,Mode C,250.0,5848751.78,5848751.78,599.0,6.404997
600,100_old_ithink,Mode C,260.0,5848751.78,5848751.78,599.0,5.233349
600,100_old_ithink,Mode C,270.0,5848751.78,5848751.78,599.0,4.276027
600,100_old_ithink,Mode C,280.0,5848751.78,5848751.78,599.0,3.493825
600,100_old_ithink,Mode C,290.0,5848781.55,5848781.55,599.0,2.85471
600,100_old_ithink,Mode C,300.0,5848781.55,5848781.55,599.0,2.332506
600,100_old_ithink,Mode C,310.0,5848781.55,5848781.55,599.0,1.905827
600,100_old_ithink,Mode C,320.0,5848781.55,5848781.55,599.0,1.557199
600,100_old_ithink,Mode C,330.0,5848795.43,5848795.43,599.0,1.272345
600,100_old_ithink,Mode C,340.0,5848795.43,5848795.43,599.0,1.039599
600,42,Mode C,10.0,4433746.32,4433746.32,457.0,817.072807
600,42,Mode C,20.0,5738561.75,5738561.75,588.0,667.607972
600,42,Mode C,30.0,5828606.95,5828606.95,597.0,545.484319
600,42,Mode C,40.0,5838599.12,5838599.12,598.0,445.700404
600,42,Mode C,50.0,5838599.12,5838599.12,598.0,364.16968
600,42,Mode C,60.0,5838599.12,5838599.12,598.0,297.553143
600,456,Mode A,10.0,4638780.69,4638780.69,478.0,817.072807
600,456,Mode A,20.0,5728774.6,5728774.6,587.0,667.607972
600,456,Mode A,30.0,5788783.03,5788783.03,593.0,545.484319
600,456,Mode A,40.0,5788806.54,5788806.54,593.0,445.700404
600,456,Mode A,50.0,5838783.95,5838783.95,598.0,364.16968
600,456,Mode A,60.0,5838783.95,5838783.95,598.0,297.553143
600,456,Mode A,70.0,5838795.39,5838795.39,598.0,243.122581
600,456,Mode A,80.0,5838835.97,5838835.97,598.0,198.64885
600,456,Mode A,90.0,5838857.39,5838857.39,598.0,162.310574
600,456,Mode A,100.0,5838893.99,5838893.99,598.0,132.619556
600,456,Mode A,110.0,5838893.99,5838893.99,598.0,108.359833
600,456,Mode A,120.0,5838893.99,5838893.99,598.0,88.537873
600,456,Mode A,130.0,5838893.99,5838893.99,598.0,72.341888
600,456,Mode A,140.0,5838907.13,5838907.13,598.0,59.10859
600,456,Mode A,150.0,5838907.13,5838907.13,598.0,48.296021
600,456,Mode A,160.0,5838907.13,5838907.13,598.0,39.461366
600,456,Mode A,170.0,5838907.13,5838907.13,598.0,32.242809
600,456,Mode A,180.0,5838907.13,5838907.13,598.0,26.344722
600,456,Mode A,190.0,5838907.13,5838907.13,598.0,21.525556
600,456,Mode A,200.0,5838907.13,5838907.13,598.0,17.587947
600,456,Mode A,210.0,5838907.13,5838907.13,598.0,14.370633
600,456,Mode A,220.0,5838907.13,5838907.13,598.0,11.741853
600,456,Mode A,230.0,5838907.13,5838907.13,598.0,9.593949
600,456,Mode B,10.0,4804038.43,4804038.43,494.0,817.072807
600,456,Mode B,20.0,5659015.1,5659015.1,580.0,667.607972
600,456,Mode B,30.0,5729092.58,5729092.58,587.0,545.484319
600,456,Mode B,40.0,5729192.11,5729192.11,587.0,445.700404
600,456,Mode B,50.0,5729215.42,5729215.42,587.0,364.16968
600,456,Mode B,60.0,5734209.66,5734209.66,587.0,297.553143
600,456,Mode B,70.0,5734209.66,5734209.66,587.0,243.122581
600,456,Mode B,80.0,5734209.66,5734209.66,587.0,198.64885
600,456,Mode B,90.0,5734221.87,5734221.87,587.0,162.310574
600,456,Mode B,100.0,5734221.87,5734221.87,587.0,132.619556
600,456,Mode B,110.0,5734221.87,5734221.87,587.0,108.359833
600,456,Mode B,120.0,5734233.67,5734233.67,587.0,88.537873
600,456,Mode B,130.0,5734233.67,5734233.67,587.0,72.341888
600,456,Mode B,140.0,5734233.67,5734233.67,587.0,59.10859
600,456,Mode B,150.0,5734233.67,5734233.67,587.0,48.296021
600,456,Mode B,160.0,5734233.67,5734233.67,587.0,39.461366
600,456,Mode B,170.0,5734233.67,5734233.67,587.0,32.242809
600,456,Mode B,180.0,5734233.67,5734233.67,587.0,26.344722
600,456,Mode B,190.0,5734233.67,5734233.67,587.0,21.525556
600,456,Mode B,200.0,5734233.67,5734233.67,587.0,17.587947
600,456,Mode B,210.0,5734233.67,5734233.67,587.0,14.370633
600,456,Mode C,10.0,2594058.85,2594058.85,270.0,817.072807
600,456,Mode C,20.0,3539014.82,3539014.82,365.0,667.607972
600,456,Mode C,30.0,4158853.4,4158853.4,427.0,545.484319
600,456,Mode C,40.0,5218618.07,5218618.07,536.0,445.700404
600,456,Mode C,50.0,5458599.35,5458599.35,560.0,364.16968
600,456,Mode C,60.0,5678553.39,5678553.39,582.0,297.553143
600,456,Mode C,70.0,5808544.77,5808544.77,595.0,243.122581
600,456,Mode C,80.0,5848564.47,5848564.47,599.0,198.64885
600,456,Mode C,90.0,5848564.47,5848564.47,599.0,162.310574
600,456,Mode C,100.0,5848574.57,5848574.57,599.0,132.619556
600,456,Mode C,110.0,5848574.57,5848574.57,599.0,108.359833
600,456,Mode C,120.0,5848599.63,5848599.63,599.0,88.537873
600,456,Mode C,130.0,5848599.63,5848599.63,599.0,72.341888
600,456,Mode C,140.0,5848599.63,5848599.63,599.0,59.10859
600,456,Mode C,150.0,5848599.63,5848599.63,599.0,48.296021
600,456,Mode C,160.0,5848609.69,5848609.69,599.0,39.461366
600,456,Mode C,170.0,5848609.69,5848609.69,599.0,32.242809
600,456,Mode C,180.0,5848609.69,5848609.69,599.0,26.344722
600,456,Mode C,190.0,5848609.69,5848609.69,599.0,21.525556
600,456,Mode C,200.0,5848609.69,5848609.69,599.0,17.587947
600,456,Mode C,210.0,5848609.69,5848609.69,599.0,14.370633
600,456,Mode C,220.0,5848609.69,5848609.69,599.0,11.741853
600,456,Mode C,230.0,5848609.69,5848609.69,599.0,9.593949
600,456,Mode C,240.0,5848609.69,5848609.69,599.0,7.838955
600,456,Mode C,250.0,5848609.69,5848609.69,599.0,6.404997
600,456,Mode C,260.0,5848637.99,5848637.99,599.0,5.233349
600,456,Mode C,270.0,5848663.76,5848663.76,599.0,4.276027
600,456,Mode C,280.0,5848674.7,5848674.7,599.0,3.493825
600,456,Mode C,290.0,5848674.7,5848674.7,599.0,2.85471
600,456,Mode C,300.0,5848674.7,5848674.7,599.0,2.332506
600,456,Mode C,310.0,5848686.26,5848686.26,599.0,1.905827
600,456,Mode C,320.0,5848686.26,5848686.26,599.0,1.557199
600,456,Mode C,330.0,5848686.26,5848686.26,599.0,1.272345
600,456,Mode C,340.0,5848696.27,5848696.27,599.0,1.039599
600,456,Mode C,350.0,5848696.27,5848696.27,599.0,0.849428
