cohort,mode,n_seeds,served_rate_pct,students_served,students_unserved,routes_created,total_route_time_min,total_route_dist_km,avg_walk_dist_m,max_walk_dist_m,alns_runtime_seconds,executed_iterations
100,Mode A,5,$98.40 \pm 2.07$,$98.40 \pm 2.07$,$1.60 \pm 2.07$,$6.00 \pm 0.00$,$250.59 \pm 6.27$,$109.31 \pm 3.96$,$68.95 \pm 26.52$,$1181.60 \pm 1018.09$,$41.04 \pm 11.41$,$259.40 \pm 66.02$
100,Mode B,5,$98.00 \pm 1.22$,$98.00 \pm 1.22$,$2.00 \pm 1.22$,$5.20 \pm 0.45$,$216.44 \pm 18.74$,$96.48 \pm 11.57$,$108.10 \pm 20.27$,$1256.63 \pm 697.29$,$52.46 \pm 8.81$,$225.80 \pm 40.09$
100,Mode C,5,$95.80 \pm 1.30$,$95.80 \pm 1.30$,$4.20 \pm 1.30$,$6.00 \pm 0.00$,$259.96 \pm 6.83$,$111.27 \pm 6.29$,$20.22 \pm 5.13$,$308.34 \pm 20.01$,$19.36 \pm 5.31$,$280.60 \pm 54.94$
200,Mode A,5,$98.80 \pm 0.91$,$197.60 \pm 1.82$,$2.40 \pm 1.82$,$10.60 \pm 0.55$,$439.93 \pm 11.35$,$185.88 \pm 7.91$,$68.90 \pm 0.00$,$1433.00 \pm 0.00$,$57.89 \pm 31.83$,$123.00 \pm 66.92$
200,Mode B,5,$97.20 \pm 1.82$,$194.40 \pm 3.65$,$5.60 \pm 3.65$,$9.80 \pm 0.45$,$378.74 \pm 11.21$,$162.95 \pm 7.93$,$107.00 \pm 0.00$,$1407.30 \pm 0.00$,$76.75 \pm 43.45$,$115.00 \pm 54.25$
200,Mode C,5,$99.50 \pm 0.35$,$199.00 \pm 0.71$,$1.00 \pm 0.71$,$11.00 \pm 0.00$,$478.80 \pm 12.50$,$199.98 \pm 11.74$,$19.72 \pm 4.30$,$310.50 \pm 18.80$,$41.58 \pm 5.76$,$238.00 \pm 62.95$
400,Mode A,5,$98.90 \pm 0.29$,$395.60 \pm 1.14$,$4.40 \pm 1.14$,$19.20 \pm 0.45$,$804.26 \pm 29.03$,$335.07 \pm 16.90$,-,-,$97.27 \pm 88.44$,$83.00 \pm 104.90$
400,Mode B,5,$95.75 \pm 1.12$,$383.00 \pm 4.47$,$17.00 \pm 4.47$,$18.60 \pm 0.55$,$711.22 \pm 62.31$,$315.81 \pm 42.57$,$160.20 \pm 0.00$,$1419.20 \pm 0.00$,$111.80 \pm 115.82$,$44.20 \pm 57.54$
400,Mode C,5,$99.85 \pm 0.14$,$399.40 \pm 0.55$,$0.60 \pm 0.55$,$19.60 \pm 0.55$,$865.80 \pm 22.70$,$360.91 \pm 14.03$,$20.92 \pm 1.75$,$325.94 \pm 9.78$,$64.63 \pm 25.75$,$156.60 \pm 79.68$
